iter	MultiClass
0	1.015245803
1	0.9456217136
2	0.8952516801
3	0.8535938277
4	0.8175543049
5	0.7847839066
6	0.7567342518
7	0.7333603495
8	0.7151920296
9	0.6988157267
10	0.6836941615
11	0.6705706871
12	0.6560007128
